{
  "white": {
    "type": "color",
    "value": "#ffffff"
  },
  "black": {
    "type": "color",
    "value": "#000000"
  },
  "body-bg": {
    "type": "color",
    "value": "{scales.gray.1}"
  },
  "body-inverse": {
    "type": "color",
    "value": "{black}"
  },
  "card-bg": {
    "type": "color",
    "value": "{scales.gray.3}"
  },
  "border": {
    "type": "color",
    "value": "{scales.gray.6}"
  },
  "brand": {
    "type": "color",
    "value": "{intents.primary.9}"
  },
  "text": {
    "body": {
      "type": "color",
      "value": "{intents.base.11}"
    },
    "heading": {
      "type": "color",
      "value": "{intents.base.12}"
    },
    "subtext": {
      "type": "color",
      "value": "{intents.base.10}"
    },
    "muted": {
      "type": "color",
      "value": "{intents.base.9}"
    },
    "icon": {
      "type": "color",
      "value": "{intents.base.6}"
    },
    "inverse": {
      "type": "color",
      "value": "{intents.base.12}"
    },
    "active": {
      "type": "color",
      "value": "{intents.base.12}"
    },
    "link": {
      "type": "color",
      "value": "{intents.primary.10}"
    },
    "link-active": {
      "type": "color",
      "value": "{intents.primary.10}"
    },
    "link-visited": {
      "type": "color",
      "value": "{intents.primary.10}"
    },
    "link-hover": {
      "type": "color",
      "value": "{intents.primary.11}"
    },
    "link-disabled": {
      "type": "color",
      "value": "{intents.primary.7}"
    }
  },
  "input": {
    "disabled": {
      "color": {
        "type": "color",
        "value": "{intents.base.6}"
      },
      "placeholder": {
        "type": "color",
        "value": "{intents.base.6}"
      },
      "border": {
        "type": "color",
        "value": "{intents.base.6}"
      },
      "bg": {
        "type": "color",
        "value": "{intents.base.1}"
      },
      "icon": {
        "type": "color",
        "value": "{intents.base.6}"
      }
    },
    "base": {
      "color": {
        "type": "color",
        "value": "{intents.base.11}"
      },
      "placeholder": {
        "type": "color",
        "value": "{intents.base.8}"
      },
      "border": {
        "type": "color",
        "value": "{intents.base.7}"
      },
      "bg": {
        "type": "color",
        "value": "{intents.base.3}"
      },
      "icon": {
        "type": "color",
        "value": "{intents.base.9}"
      }
    },
    "success": {
      "color": {
        "type": "color",
        "value": "{intents.base.11}"
      },
      "placeholder": {
        "type": "color",
        "value": "{intents.base.8}"
      },
      "border": {
        "type": "color",
        "value": "{intents.success.7}"
      },
      "bg": {
        "type": "color",
        "value": "{intents.base.3}"
      },
      "icon": {
        "type": "color",
        "value": "{intents.success.9}"
      }
    },
    "error": {
      "color": {
        "type": "color",
        "value": "{intents.base.11}"
      },
      "placeholder": {
        "type": "color",
        "value": "{intents.base.8}"
      },
      "border": {
        "type": "color",
        "value": "{intents.error.7}"
      },
      "bg": {
        "type": "color",
        "value": "{intents.base.3}"
      },
      "icon": {
        "type": "color",
        "value": "{intents.error.9}"
      }
    }
  },
  "semantic": {
    "solid": {
      "base": {
        "bg": {
          "type": "color",
          "value": "{intents.base.9}"
        },
        "border": {
          "type": "color",
          "value": "transparent"
        },
        "color": {
          "type": "color",
          "value": "{intents.base.1}"
        },
        "icon": {
          "type": "color",
          "value": "{intents.base.1}"
        },
        "placeholder": {
          "type": "color",
          "value": "{intents.base.2}"
        },
        "hover-bg": {
          "type": "color",
          "value": "{intents.base.10}"
        },
        "hover-border": {
          "type": "color",
          "value": "transparent"
        },
        "hover-color": {
          "type": "color",
          "value": "{intents.base.1}"
        },
        "hover-icon": {
          "type": "color",
          "value": "{intents.base.1}"
        },
        "hover-placeholder": {
          "type": "color",
          "value": "{intents.base.3}"
        }
      },
      "primary": {
        "bg": {
          "type": "color",
          "value": "{intents.primary.8}"
        },
        "border": {
          "type": "color",
          "value": "transparent"
        },
        "color": {
          "type": "color",
          "value": "{intents.primary.1}"
        },
        "icon": {
          "type": "color",
          "value": "{intents.primary.1}"
        },
        "placeholder": {
          "type": "color",
          "value": "{intents.primary.11}"
        },
        "hover-bg": {
          "type": "color",
          "value": "{intents.primary.11}"
        },
        "hover-border": {
          "type": "color",
          "value": "transparent"
        },
        "hover-color": {
          "type": "color",
          "value": "{intents.primary.1}"
        },
        "hover-icon": {
          "type": "color",
          "value": "{intents.primary.1}"
        },
        "hover-placeholder": {
          "type": "color",
          "value": "{intents.primary.10}"
        }
      },
      "secondary": {
        "bg": {
          "type": "color",
          "value": "{intents.secondary.9}"
        },
        "border": {
          "type": "color",
          "value": "transparent"
        },
        "color": {
          "type": "color",
          "value": "{intents.secondary.1}"
        },
        "icon": {
          "type": "color",
          "value": "{intents.secondary.1}"
        },
        "placeholder": {
          "type": "color",
          "value": "{intents.secondary.2}"
        },
        "hover-bg": {
          "type": "color",
          "value": "{intents.secondary.10}"
        },
        "hover-border": {
          "type": "color",
          "value": "transparent"
        },
        "hover-color": {
          "type": "color",
          "value": "{intents.secondary.1}"
        },
        "hover-icon": {
          "type": "color",
          "value": "{intents.secondary.1}"
        },
        "hover-placeholder": {
          "type": "color",
          "value": "{intents.secondary.3}"
        }
      },
      "info": {
        "bg": {
          "type": "color",
          "value": "{intents.info.9}"
        },
        "border": {
          "type": "color",
          "value": "transparent"
        },
        "color": {
          "type": "color",
          "value": "{intents.info.1}"
        },
        "icon": {
          "type": "color",
          "value": "{intents.info.1}"
        },
        "placeholder": {
          "type": "color",
          "value": "{intents.info.2}"
        },
        "hover-bg": {
          "type": "color",
          "value": "{intents.info.10}"
        },
        "hover-border": {
          "type": "color",
          "value": "transparent"
        },
        "hover-color": {
          "type": "color",
          "value": "{intents.info.1}"
        },
        "hover-icon": {
          "type": "color",
          "value": "{intents.info.1}"
        },
        "hover-placeholder": {
          "type": "color",
          "value": "{intents.info.3}"
        }
      },
      "warning": {
        "bg": {
          "type": "color",
          "value": "{intents.warning.8}"
        },
        "border": {
          "type": "color",
          "value": "transparent"
        },
        "color": {
          "type": "color",
          "value": "{intents.warning.1}"
        },
        "icon": {
          "type": "color",
          "value": "{intents.warning.1}"
        },
        "placeholder": {
          "type": "color",
          "value": "{intents.warning.11}"
        },
        "hover-bg": {
          "type": "color",
          "value": "{intents.warning.11}"
        },
        "hover-border": {
          "type": "color",
          "value": "transparent"
        },
        "hover-color": {
          "type": "color",
          "value": "{intents.warning.1}"
        },
        "hover-icon": {
          "type": "color",
          "value": "{intents.warning.1}"
        },
        "hover-placeholder": {
          "type": "color",
          "value": "{intents.warning.10}"
        }
      },
      "success": {
        "bg": {
          "type": "color",
          "value": "{intents.success.8}"
        },
        "border": {
          "type": "color",
          "value": "transparent"
        },
        "color": {
          "type": "color",
          "value": "{intents.success.1}"
        },
        "icon": {
          "type": "color",
          "value": "{intents.success.1}"
        },
        "placeholder": {
          "type": "color",
          "value": "{intents.success.11}"
        },
        "hover-bg": {
          "type": "color",
          "value": "{intents.success.11}"
        },
        "hover-border": {
          "type": "color",
          "value": "transparent"
        },
        "hover-color": {
          "type": "color",
          "value": "{intents.success.1}"
        },
        "hover-icon": {
          "type": "color",
          "value": "{intents.success.1}"
        },
        "hover-placeholder": {
          "type": "color",
          "value": "{intents.success.10}"
        }
      },
      "error": {
        "bg": {
          "type": "color",
          "value": "{intents.error.9}"
        },
        "border": {
          "type": "color",
          "value": "transparent"
        },
        "color": {
          "type": "color",
          "value": "{intents.error.1}"
        },
        "icon": {
          "type": "color",
          "value": "{intents.error.1}"
        },
        "placeholder": {
          "type": "color",
          "value": "{intents.error.2}"
        },
        "hover-bg": {
          "type": "color",
          "value": "{intents.error.10}"
        },
        "hover-border": {
          "type": "color",
          "value": "transparent"
        },
        "hover-color": {
          "type": "color",
          "value": "{intents.error.1}"
        },
        "hover-icon": {
          "type": "color",
          "value": "{intents.error.1}"
        },
        "hover-placeholder": {
          "type": "color",
          "value": "{intents.error.3}"
        }
      }
    },
    "ghost": {
      "base": {
        "bg": {
          "type": "color",
          "value": "{intents.base.4}"
        },
        "border": {
          "type": "color",
          "value": "{intents.base.4}"
        },
        "color": {
          "type": "color",
          "value": "{intents.base.12}"
        },
        "icon": {
          "type": "color",
          "value": "{intents.base.8}"
        },
        "placeholder": {
          "type": "color",
          "value": "{intents.base.8}"
        },
        "hover-bg": {
          "type": "color",
          "value": "{intents.base.5}"
        },
        "hover-border": {
          "type": "color",
          "value": "{intents.base.5}"
        },
        "hover-color": {
          "type": "color",
          "value": "{intents.base.12}"
        },
        "hover-icon": {
          "type": "color",
          "value": "{intents.base.8}"
        },
        "hover-placeholder": {
          "type": "color",
          "value": "{intents.base.9}"
        }
      },
      "primary": {
        "bg": {
          "type": "color",
          "value": "{intents.primary.4}"
        },
        "border": {
          "type": "color",
          "value": "{intents.primary.4}"
        },
        "color": {
          "type": "color",
          "value": "{intents.primary.12}"
        },
        "icon": {
          "type": "color",
          "value": "{intents.primary.8}"
        },
        "placeholder": {
          "type": "color",
          "value": "{intents.primary.8}"
        },
        "hover-bg": {
          "type": "color",
          "value": "{intents.primary.5}"
        },
        "hover-border": {
          "type": "color",
          "value": "{intents.primary.5}"
        },
        "hover-color": {
          "type": "color",
          "value": "{intents.primary.12}"
        },
        "hover-icon": {
          "type": "color",
          "value": "{intents.primary.8}"
        },
        "hover-placeholder": {
          "type": "color",
          "value": "{intents.primary.9}"
        }
      },
      "secondary": {
        "bg": {
          "type": "color",
          "value": "{intents.secondary.4}"
        },
        "border": {
          "type": "color",
          "value": "{intents.secondary.4}"
        },
        "color": {
          "type": "color",
          "value": "{intents.secondary.12}"
        },
        "icon": {
          "type": "color",
          "value": "{intents.secondary.8}"
        },
        "placeholder": {
          "type": "color",
          "value": "{intents.secondary.8}"
        },
        "hover-bg": {
          "type": "color",
          "value": "{intents.secondary.5}"
        },
        "hover-border": {
          "type": "color",
          "value": "{intents.secondary.5}"
        },
        "hover-color": {
          "type": "color",
          "value": "{intents.secondary.12}"
        },
        "hover-icon": {
          "type": "color",
          "value": "{intents.secondary.8}"
        },
        "hover-placeholder": {
          "type": "color",
          "value": "{intents.secondary.9}"
        }
      },
      "info": {
        "bg": {
          "type": "color",
          "value": "{intents.info.4}"
        },
        "border": {
          "type": "color",
          "value": "{intents.info.4}"
        },
        "color": {
          "type": "color",
          "value": "{intents.info.12}"
        },
        "icon": {
          "type": "color",
          "value": "{intents.info.8}"
        },
        "placeholder": {
          "type": "color",
          "value": "{intents.info.8}"
        },
        "hover-bg": {
          "type": "color",
          "value": "{intents.info.5}"
        },
        "hover-border": {
          "type": "color",
          "value": "{intents.info.5}"
        },
        "hover-color": {
          "type": "color",
          "value": "{intents.info.12}"
        },
        "hover-icon": {
          "type": "color",
          "value": "{intents.info.8}"
        },
        "hover-placeholder": {
          "type": "color",
          "value": "{intents.info.9}"
        }
      },
      "warning": {
        "bg": {
          "type": "color",
          "value": "{intents.warning.4}"
        },
        "border": {
          "type": "color",
          "value": "{intents.warning.4}"
        },
        "color": {
          "type": "color",
          "value": "{intents.warning.12}"
        },
        "icon": {
          "type": "color",
          "value": "{intents.warning.8}"
        },
        "placeholder": {
          "type": "color",
          "value": "{intents.warning.8}"
        },
        "hover-bg": {
          "type": "color",
          "value": "{intents.warning.5}"
        },
        "hover-border": {
          "type": "color",
          "value": "{intents.warning.5}"
        },
        "hover-color": {
          "type": "color",
          "value": "{intents.warning.12}"
        },
        "hover-icon": {
          "type": "color",
          "value": "{intents.warning.8}"
        },
        "hover-placeholder": {
          "type": "color",
          "value": "{intents.warning.9}"
        }
      },
      "success": {
        "bg": {
          "type": "color",
          "value": "{intents.success.4}"
        },
        "border": {
          "type": "color",
          "value": "{intents.success.4}"
        },
        "color": {
          "type": "color",
          "value": "{intents.success.12}"
        },
        "icon": {
          "type": "color",
          "value": "{intents.success.8}"
        },
        "placeholder": {
          "type": "color",
          "value": "{intents.success.8}"
        },
        "hover-bg": {
          "type": "color",
          "value": "{intents.success.5}"
        },
        "hover-border": {
          "type": "color",
          "value": "{intents.success.5}"
        },
        "hover-color": {
          "type": "color",
          "value": "{intents.success.12}"
        },
        "hover-icon": {
          "type": "color",
          "value": "{intents.success.8}"
        },
        "hover-placeholder": {
          "type": "color",
          "value": "{intents.success.9}"
        }
      },
      "error": {
        "bg": {
          "type": "color",
          "value": "{intents.error.4}"
        },
        "border": {
          "type": "color",
          "value": "{intents.error.4}"
        },
        "color": {
          "type": "color",
          "value": "{intents.error.12}"
        },
        "icon": {
          "type": "color",
          "value": "{intents.error.8}"
        },
        "placeholder": {
          "type": "color",
          "value": "{intents.error.8}"
        },
        "hover-bg": {
          "type": "color",
          "value": "{intents.error.5}"
        },
        "hover-border": {
          "type": "color",
          "value": "{intents.error.5}"
        },
        "hover-color": {
          "type": "color",
          "value": "{intents.error.12}"
        },
        "hover-icon": {
          "type": "color",
          "value": "{intents.error.8}"
        },
        "hover-placeholder": {
          "type": "color",
          "value": "{intents.error.9}"
        }
      }
    },
    "outlined": {
      "base": {
        "bg": {
          "type": "color",
          "value": "{body-bg}"
        },
        "border": {
          "type": "color",
          "value": "{intents.base.8}"
        },
        "color": {
          "type": "color",
          "value": "{intents.base.11}"
        },
        "icon": {
          "type": "color",
          "value": "{intents.base.10}"
        },
        "placeholder": {
          "type": "color",
          "value": "{intents.base.8}"
        },
        "hover-bg": {
          "type": "color",
          "value": "{body-bg}"
        },
        "hover-border": {
          "type": "color",
          "value": "{intents.base.8}"
        },
        "hover-color": {
          "type": "color",
          "value": "{intents.base.12}"
        },
        "hover-icon": {
          "type": "color",
          "value": "{intents.base.10}"
        },
        "hover-placeholder": {
          "type": "color",
          "value": "{intents.base.9}"
        }
      },
      "primary": {
        "bg": {
          "type": "color",
          "value": "{body-bg}"
        },
        "border": {
          "type": "color",
          "value": "{intents.primary.8}"
        },
        "color": {
          "type": "color",
          "value": "{intents.primary.8}"
        },
        "icon": {
          "type": "color",
          "value": "{intents.primary.10}"
        },
        "placeholder": {
          "type": "color",
          "value": "{intents.primary.8}"
        },
        "hover-bg": {
          "type": "color",
          "value": "{body-bg}"
        },
        "hover-border": {
          "type": "color",
          "value": "{intents.primary.8}"
        },
        "hover-color": {
          "type": "color",
          "value": "{intents.primary.12}"
        },
        "hover-icon": {
          "type": "color",
          "value": "{intents.primary.10}"
        },
        "hover-placeholder": {
          "type": "color",
          "value": "{intents.primary.9}"
        }
      },
      "secondary": {
        "bg": {
          "type": "color",
          "value": "{body-bg}"
        },
        "border": {
          "type": "color",
          "value": "{intents.secondary.8}"
        },
        "color": {
          "type": "color",
          "value": "{intents.secondary.11}"
        },
        "icon": {
          "type": "color",
          "value": "{intents.secondary.10}"
        },
        "placeholder": {
          "type": "color",
          "value": "{intents.secondary.8}"
        },
        "hover-bg": {
          "type": "color",
          "value": "{body-bg}"
        },
        "hover-border": {
          "type": "color",
          "value": "{intents.secondary.8}"
        },
        "hover-color": {
          "type": "color",
          "value": "{intents.secondary.12}"
        },
        "hover-icon": {
          "type": "color",
          "value": "{intents.secondary.10}"
        },
        "hover-placeholder": {
          "type": "color",
          "value": "{intents.secondary.9}"
        }
      },
      "info": {
        "bg": {
          "type": "color",
          "value": "{body-bg}"
        },
        "border": {
          "type": "color",
          "value": "{intents.info.8}"
        },
        "color": {
          "type": "color",
          "value": "{intents.info.11}"
        },
        "icon": {
          "type": "color",
          "value": "{intents.info.10}"
        },
        "placeholder": {
          "type": "color",
          "value": "{intents.info.8}"
        },
        "hover-bg": {
          "type": "color",
          "value": "{body-bg}"
        },
        "hover-border": {
          "type": "color",
          "value": "{intents.info.8}"
        },
        "hover-color": {
          "type": "color",
          "value": "{intents.info.12}"
        },
        "hover-icon": {
          "type": "color",
          "value": "{intents.info.10}"
        },
        "hover-placeholder": {
          "type": "color",
          "value": "{intents.info.9}"
        }
      },
      "warning": {
        "bg": {
          "type": "color",
          "value": "{body-bg}"
        },
        "border": {
          "type": "color",
          "value": "{intents.warning.8}"
        },
        "color": {
          "type": "color",
          "value": "{intents.warning.8}"
        },
        "icon": {
          "type": "color",
          "value": "{intents.warning.10}"
        },
        "placeholder": {
          "type": "color",
          "value": "{intents.warning.8}"
        },
        "hover-bg": {
          "type": "color",
          "value": "{body-bg}"
        },
        "hover-border": {
          "type": "color",
          "value": "{intents.warning.8}"
        },
        "hover-color": {
          "type": "color",
          "value": "{intents.warning.12}"
        },
        "hover-icon": {
          "type": "color",
          "value": "{intents.warning.10}"
        },
        "hover-placeholder": {
          "type": "color",
          "value": "{intents.warning.9}"
        }
      },
      "success": {
        "bg": {
          "type": "color",
          "value": "{body-bg}"
        },
        "border": {
          "type": "color",
          "value": "{intents.success.8}"
        },
        "color": {
          "type": "color",
          "value": "{intents.success.8}"
        },
        "icon": {
          "type": "color",
          "value": "{intents.success.10}"
        },
        "placeholder": {
          "type": "color",
          "value": "{intents.success.8}"
        },
        "hover-bg": {
          "type": "color",
          "value": "{body-bg}"
        },
        "hover-border": {
          "type": "color",
          "value": "{intents.success.8}"
        },
        "hover-color": {
          "type": "color",
          "value": "{intents.success.12}"
        },
        "hover-icon": {
          "type": "color",
          "value": "{intents.success.10}"
        },
        "hover-placeholder": {
          "type": "color",
          "value": "{intents.success.9}"
        }
      },
      "error": {
        "bg": {
          "type": "color",
          "value": "{body-bg}"
        },
        "border": {
          "type": "color",
          "value": "{intents.error.8}"
        },
        "color": {
          "type": "color",
          "value": "{intents.error.11}"
        },
        "icon": {
          "type": "color",
          "value": "{intents.error.10}"
        },
        "placeholder": {
          "type": "color",
          "value": "{intents.error.8}"
        },
        "hover-bg": {
          "type": "color",
          "value": "{body-bg}"
        },
        "hover-border": {
          "type": "color",
          "value": "{intents.error.8}"
        },
        "hover-color": {
          "type": "color",
          "value": "{intents.error.12}"
        },
        "hover-icon": {
          "type": "color",
          "value": "{intents.error.10}"
        },
        "hover-placeholder": {
          "type": "color",
          "value": "{intents.error.9}"
        }
      }
    },
    "link": {
      "base": {
        "bg": {
          "type": "color",
          "value": "{body-bg}"
        },
        "color": {
          "type": "color",
          "value": "{intents.base.9}"
        },
        "icon": {
          "type": "color",
          "value": "{intents.base.9}"
        },
        "placeholder": {
          "type": "color",
          "value": "{intents.base.8}"
        },
        "border": {
          "type": "color",
          "value": "{body-bg}"
        },
        "hover-bg": {
          "type": "color",
          "value": "{body-bg}"
        },
        "hover-border": {
          "type": "color",
          "value": "{body-bg}"
        },
        "hover-color": {
          "type": "color",
          "value": "{intents.base.9}"
        },
        "hover-icon": {
          "type": "color",
          "value": "{intents.base.9}"
        },
        "hover-placeholder": {
          "type": "color",
          "value": "{intents.base.8}"
        }
      },
      "primary": {
        "bg": {
          "type": "color",
          "value": "{body-bg}"
        },
        "color": {
          "type": "color",
          "value": "{intents.primary.11}"
        },
        "icon": {
          "type": "color",
          "value": "{intents.primary.11}"
        },
        "placeholder": {
          "type": "color",
          "value": "{intents.primary.8}"
        },
        "border": {
          "type": "color",
          "value": "{body-bg}"
        },
        "hover-bg": {
          "type": "color",
          "value": "{body-bg}"
        },
        "hover-border": {
          "type": "color",
          "value": "{body-bg}"
        },
        "hover-color": {
          "type": "color",
          "value": "{intents.primary.11}"
        },
        "hover-icon": {
          "type": "color",
          "value": "{intents.primary.11}"
        },
        "hover-placeholder": {
          "type": "color",
          "value": "{intents.primary.8}"
        }
      },
      "secondary": {
        "bg": {
          "type": "color",
          "value": "{body-bg}"
        },
        "color": {
          "type": "color",
          "value": "{intents.secondary.9}"
        },
        "icon": {
          "type": "color",
          "value": "{intents.secondary.9}"
        },
        "placeholder": {
          "type": "color",
          "value": "{intents.secondary.8}"
        },
        "border": {
          "type": "color",
          "value": "{body-bg}"
        },
        "hover-bg": {
          "type": "color",
          "value": "{body-bg}"
        },
        "hover-border": {
          "type": "color",
          "value": "{body-bg}"
        },
        "hover-color": {
          "type": "color",
          "value": "{intents.secondary.9}"
        },
        "hover-icon": {
          "type": "color",
          "value": "{intents.secondary.9}"
        },
        "hover-placeholder": {
          "type": "color",
          "value": "{intents.secondary.8}"
        }
      },
      "info": {
        "bg": {
          "type": "color",
          "value": "{body-bg}"
        },
        "color": {
          "type": "color",
          "value": "{intents.info.9}"
        },
        "icon": {
          "type": "color",
          "value": "{intents.info.9}"
        },
        "placeholder": {
          "type": "color",
          "value": "{intents.info.8}"
        },
        "border": {
          "type": "color",
          "value": "{body-bg}"
        },
        "hover-bg": {
          "type": "color",
          "value": "{body-bg}"
        },
        "hover-border": {
          "type": "color",
          "value": "{body-bg}"
        },
        "hover-color": {
          "type": "color",
          "value": "{intents.info.9}"
        },
        "hover-icon": {
          "type": "color",
          "value": "{intents.info.9}"
        },
        "hover-placeholder": {
          "type": "color",
          "value": "{intents.info.8}"
        }
      },
      "warning": {
        "bg": {
          "type": "color",
          "value": "{body-bg}"
        },
        "color": {
          "type": "color",
          "value": "{intents.warning.11}"
        },
        "icon": {
          "type": "color",
          "value": "{intents.warning.11}"
        },
        "placeholder": {
          "type": "color",
          "value": "{intents.warning.8}"
        },
        "border": {
          "type": "color",
          "value": "{body-bg}"
        },
        "hover-bg": {
          "type": "color",
          "value": "{body-bg}"
        },
        "hover-border": {
          "type": "color",
          "value": "{body-bg}"
        },
        "hover-color": {
          "type": "color",
          "value": "{intents.warning.11}"
        },
        "hover-icon": {
          "type": "color",
          "value": "{intents.warning.11}"
        },
        "hover-placeholder": {
          "type": "color",
          "value": "{intents.warning.8}"
        }
      },
      "success": {
        "bg": {
          "type": "color",
          "value": "{body-bg}"
        },
        "color": {
          "type": "color",
          "value": "{intents.success.11}"
        },
        "icon": {
          "type": "color",
          "value": "{intents.success.11}"
        },
        "placeholder": {
          "type": "color",
          "value": "{intents.success.8}"
        },
        "border": {
          "type": "color",
          "value": "{body-bg}"
        },
        "hover-bg": {
          "type": "color",
          "value": "{body-bg}"
        },
        "hover-border": {
          "type": "color",
          "value": "{body-bg}"
        },
        "hover-color": {
          "type": "color",
          "value": "{intents.success.11}"
        },
        "hover-icon": {
          "type": "color",
          "value": "{intents.success.11}"
        },
        "hover-placeholder": {
          "type": "color",
          "value": "{intents.success.8}"
        }
      },
      "error": {
        "bg": {
          "type": "color",
          "value": "{body-bg}"
        },
        "color": {
          "type": "color",
          "value": "{intents.error.9}"
        },
        "icon": {
          "type": "color",
          "value": "{intents.error.9}"
        },
        "placeholder": {
          "type": "color",
          "value": "{intents.error.8}"
        },
        "border": {
          "type": "color",
          "value": "{body-bg}"
        },
        "hover-bg": {
          "type": "color",
          "value": "{body-bg}"
        },
        "hover-border": {
          "type": "color",
          "value": "{body-bg}"
        },
        "hover-color": {
          "type": "color",
          "value": "{intents.error.9}"
        },
        "hover-icon": {
          "type": "color",
          "value": "{intents.error.9}"
        },
        "hover-placeholder": {
          "type": "color",
          "value": "{intents.error.8}"
        }
      }
    }
  },
  "intents": {
    "base": {
      "1": {
        "type": "color",
        "value": "{scales.gray.1}"
      },
      "2": {
        "type": "color",
        "value": "{scales.gray.2}"
      },
      "3": {
        "type": "color",
        "value": "{scales.gray.3}"
      },
      "4": {
        "type": "color",
        "value": "{scales.gray.4}"
      },
      "5": {
        "type": "color",
        "value": "{scales.gray.5}"
      },
      "6": {
        "type": "color",
        "value": "{scales.gray.6}"
      },
      "7": {
        "type": "color",
        "value": "{scales.gray.7}"
      },
      "8": {
        "type": "color",
        "value": "{scales.gray.8}"
      },
      "9": {
        "type": "color",
        "value": "{scales.gray.9}"
      },
      "10": {
        "type": "color",
        "value": "{scales.gray.10}"
      },
      "11": {
        "type": "color",
        "value": "{scales.gray.11}"
      },
      "12": {
        "type": "color",
        "value": "{scales.gray.12}"
      }
    },
    "primary": {
      "1": {
        "type": "color",
        "value": "{scales.green.1}"
      },
      "2": {
        "type": "color",
        "value": "{scales.green.2}"
      },
      "3": {
        "type": "color",
        "value": "{scales.green.3}"
      },
      "4": {
        "type": "color",
        "value": "{scales.green.4}"
      },
      "5": {
        "type": "color",
        "value": "{scales.green.5}"
      },
      "6": {
        "type": "color",
        "value": "{scales.green.6}"
      },
      "7": {
        "type": "color",
        "value": "{scales.green.7}"
      },
      "8": {
        "type": "color",
        "value": "{scales.green.8}"
      },
      "9": {
        "type": "color",
        "value": "{scales.green.9}"
      },
      "10": {
        "type": "color",
        "value": "{scales.green.10}"
      },
      "11": {
        "type": "color",
        "value": "{scales.green.11}"
      },
      "12": {
        "type": "color",
        "value": "{scales.green.12}"
      }
    },
    "secondary": {
      "1": {
        "type": "color",
        "value": "{scales.red.1}"
      },
      "2": {
        "type": "color",
        "value": "{scales.red.2}"
      },
      "3": {
        "type": "color",
        "value": "{scales.red.3}"
      },
      "4": {
        "type": "color",
        "value": "{scales.red.4}"
      },
      "5": {
        "type": "color",
        "value": "{scales.red.5}"
      },
      "6": {
        "type": "color",
        "value": "{scales.red.6}"
      },
      "7": {
        "type": "color",
        "value": "{scales.red.7}"
      },
      "8": {
        "type": "color",
        "value": "{scales.red.8}"
      },
      "9": {
        "type": "color",
        "value": "{scales.red.9}"
      },
      "10": {
        "type": "color",
        "value": "{scales.red.10}"
      },
      "11": {
        "type": "color",
        "value": "{scales.red.11}"
      },
      "12": {
        "type": "color",
        "value": "{scales.red.12}"
      }
    },
    "info": {
      "1": {
        "type": "color",
        "value": "{scales.blue.1}"
      },
      "2": {
        "type": "color",
        "value": "{scales.blue.2}"
      },
      "3": {
        "type": "color",
        "value": "{scales.blue.3}"
      },
      "4": {
        "type": "color",
        "value": "{scales.blue.4}"
      },
      "5": {
        "type": "color",
        "value": "{scales.blue.5}"
      },
      "6": {
        "type": "color",
        "value": "{scales.blue.6}"
      },
      "7": {
        "type": "color",
        "value": "{scales.blue.7}"
      },
      "8": {
        "type": "color",
        "value": "{scales.blue.8}"
      },
      "9": {
        "type": "color",
        "value": "{scales.blue.9}"
      },
      "10": {
        "type": "color",
        "value": "{scales.blue.10}"
      },
      "11": {
        "type": "color",
        "value": "{scales.blue.11}"
      },
      "12": {
        "type": "color",
        "value": "{scales.blue.12}"
      }
    },
    "warning": {
      "1": {
        "type": "color",
        "value": "{scales.yellow.1}"
      },
      "2": {
        "type": "color",
        "value": "{scales.yellow.2}"
      },
      "3": {
        "type": "color",
        "value": "{scales.yellow.3}"
      },
      "4": {
        "type": "color",
        "value": "{scales.yellow.4}"
      },
      "5": {
        "type": "color",
        "value": "{scales.yellow.5}"
      },
      "6": {
        "type": "color",
        "value": "{scales.yellow.6}"
      },
      "7": {
        "type": "color",
        "value": "{scales.yellow.7}"
      },
      "8": {
        "type": "color",
        "value": "{scales.yellow.8}"
      },
      "9": {
        "type": "color",
        "value": "{scales.yellow.9}"
      },
      "10": {
        "type": "color",
        "value": "{scales.yellow.10}"
      },
      "11": {
        "type": "color",
        "value": "{scales.yellow.11}"
      },
      "12": {
        "type": "color",
        "value": "{scales.yellow.12}"
      }
    },
    "success": {
      "1": {
        "type": "color",
        "value": "{scales.green.1}"
      },
      "2": {
        "type": "color",
        "value": "{scales.green.2}"
      },
      "3": {
        "type": "color",
        "value": "{scales.green.3}"
      },
      "4": {
        "type": "color",
        "value": "{scales.green.4}"
      },
      "5": {
        "type": "color",
        "value": "{scales.green.5}"
      },
      "6": {
        "type": "color",
        "value": "{scales.green.6}"
      },
      "7": {
        "type": "color",
        "value": "{scales.green.7}"
      },
      "8": {
        "type": "color",
        "value": "{scales.green.8}"
      },
      "9": {
        "type": "color",
        "value": "{scales.green.9}"
      },
      "10": {
        "type": "color",
        "value": "{scales.green.10}"
      },
      "11": {
        "type": "color",
        "value": "{scales.green.11}"
      },
      "12": {
        "type": "color",
        "value": "{scales.green.12}"
      }
    },
    "error": {
      "1": {
        "type": "color",
        "value": "{scales.red.1}"
      },
      "2": {
        "type": "color",
        "value": "{scales.red.2}"
      },
      "3": {
        "type": "color",
        "value": "{scales.red.3}"
      },
      "4": {
        "type": "color",
        "value": "{scales.red.4}"
      },
      "5": {
        "type": "color",
        "value": "{scales.red.5}"
      },
      "6": {
        "type": "color",
        "value": "{scales.red.6}"
      },
      "7": {
        "type": "color",
        "value": "{scales.red.7}"
      },
      "8": {
        "type": "color",
        "value": "{scales.red.8}"
      },
      "9": {
        "type": "color",
        "value": "{scales.red.9}"
      },
      "10": {
        "type": "color",
        "value": "{scales.red.10}"
      },
      "11": {
        "type": "color",
        "value": "{scales.red.11}"
      },
      "12": {
        "type": "color",
        "value": "{scales.red.12}"
      }
    }
  },
  "scales": {
    "gray": {
      "1": {
        "type": "color",
        "value": "{gray / light.1}"
      },
      "2": {
        "type": "color",
        "value": "{gray / light.2}"
      },
      "3": {
        "type": "color",
        "value": "{gray / light.3}"
      },
      "4": {
        "type": "color",
        "value": "{gray / light.4}"
      },
      "5": {
        "type": "color",
        "value": "{gray / light.5}"
      },
      "6": {
        "type": "color",
        "value": "{gray / light.6}"
      },
      "7": {
        "type": "color",
        "value": "{gray / light.7}"
      },
      "8": {
        "type": "color",
        "value": "{gray / light.8}"
      },
      "9": {
        "type": "color",
        "value": "{gray / light.9}"
      },
      "10": {
        "type": "color",
        "value": "{gray / light.10}"
      },
      "11": {
        "type": "color",
        "value": "{gray / light.11}"
      },
      "12": {
        "type": "color",
        "value": "{gray / light.12}"
      }
    },
    "green": {
      "1": {
        "type": "color",
        "value": "{green / light.1}"
      },
      "2": {
        "type": "color",
        "value": "{green / light.2}"
      },
      "3": {
        "type": "color",
        "value": "{green / light.3}"
      },
      "4": {
        "type": "color",
        "value": "{green / light.4}"
      },
      "5": {
        "type": "color",
        "value": "{green / light.5}"
      },
      "6": {
        "type": "color",
        "value": "{green / light.6}"
      },
      "7": {
        "type": "color",
        "value": "{green / light.7}"
      },
      "8": {
        "type": "color",
        "value": "{green / light.8}"
      },
      "9": {
        "type": "color",
        "value": "{green / light.9}"
      },
      "10": {
        "type": "color",
        "value": "{green / light.10}"
      },
      "11": {
        "type": "color",
        "value": "{green / light.11}"
      },
      "12": {
        "type": "color",
        "value": "{green / light.12}"
      }
    },
    "yellow": {
      "1": {
        "type": "color",
        "value": "{yellow / light.1}"
      },
      "2": {
        "type": "color",
        "value": "{yellow / light.2}"
      },
      "3": {
        "type": "color",
        "value": "{yellow / light.3}"
      },
      "4": {
        "type": "color",
        "value": "{yellow / light.4}"
      },
      "5": {
        "type": "color",
        "value": "{yellow / light.5}"
      },
      "6": {
        "type": "color",
        "value": "{yellow / light.6}"
      },
      "7": {
        "type": "color",
        "value": "{yellow / light.7}"
      },
      "8": {
        "type": "color",
        "value": "{yellow / light.8}"
      },
      "9": {
        "type": "color",
        "value": "{yellow / light.9}"
      },
      "10": {
        "type": "color",
        "value": "{yellow / light.10}"
      },
      "11": {
        "type": "color",
        "value": "{yellow / light.11}"
      },
      "12": {
        "type": "color",
        "value": "{yellow / light.12}"
      }
    },
    "red": {
      "1": {
        "type": "color",
        "value": "{crimson / light.1}"
      },
      "2": {
        "type": "color",
        "value": "{crimson / light.2}"
      },
      "3": {
        "type": "color",
        "value": "{crimson / light.3}"
      },
      "4": {
        "type": "color",
        "value": "{crimson / light.4}"
      },
      "5": {
        "type": "color",
        "value": "{crimson / light.5}"
      },
      "6": {
        "type": "color",
        "value": "{crimson / light.6}"
      },
      "7": {
        "type": "color",
        "value": "{crimson / light.7}"
      },
      "8": {
        "type": "color",
        "value": "{crimson / light.8}"
      },
      "9": {
        "type": "color",
        "value": "{crimson / light.9}"
      },
      "10": {
        "type": "color",
        "value": "{crimson / light.10}"
      },
      "11": {
        "type": "color",
        "value": "{crimson / light.11}"
      },
      "12": {
        "type": "color",
        "value": "{crimson / light.12}"
      }
    },
    "blue": {
      "1": {
        "type": "color",
        "value": "{indigo / light.1}"
      },
      "2": {
        "type": "color",
        "value": "{indigo / light.2}"
      },
      "3": {
        "type": "color",
        "value": "{indigo / light.3}"
      },
      "4": {
        "type": "color",
        "value": "{indigo / light.4}"
      },
      "5": {
        "type": "color",
        "value": "{indigo / light.5}"
      },
      "6": {
        "type": "color",
        "value": "{indigo / light.6}"
      },
      "7": {
        "type": "color",
        "value": "{indigo / light.7}"
      },
      "8": {
        "type": "color",
        "value": "{indigo / light.8}"
      },
      "9": {
        "type": "color",
        "value": "{indigo / light.9}"
      },
      "10": {
        "type": "color",
        "value": "{indigo / light.10}"
      },
      "11": {
        "type": "color",
        "value": "{indigo / light.11}"
      },
      "12": {
        "type": "color",
        "value": "{indigo / light.12}"
      }
    }
  },
  "whiteA": {
    "1": {
      "value": "hsla(0, 0%, 100%, 0)",
      "type": "color"
    },
    "2": {
      "value": "hsla(0, 0%, 100%, 0.013)",
      "type": "color"
    },
    "3": {
      "value": "hsla(0, 0%, 100%, 0.034)",
      "type": "color"
    },
    "4": {
      "value": "hsla(0, 0%, 100%, 0.056)",
      "type": "color"
    },
    "5": {
      "value": "hsla(0, 0%, 100%, 0.086)",
      "type": "color"
    },
    "6": {
      "value": "hsla(0, 0%, 100%, 0.124)",
      "type": "color"
    },
    "7": {
      "value": "hsla(0, 0%, 100%, 0.176)",
      "type": "color"
    },
    "8": {
      "value": "hsla(0, 0%, 100%, 0.249)",
      "type": "color"
    },
    "9": {
      "value": "hsla(0, 0%, 100%, 0.386)",
      "type": "color"
    },
    "10": {
      "value": "hsla(0, 0%, 100%, 0.446)",
      "type": "color"
    },
    "11": {
      "value": "hsla(0, 0%, 100%, 0.592)",
      "type": "color"
    },
    "12": {
      "value": "hsla(0, 0%, 100%, 0.923)",
      "type": "color"
    }
  },
  "blackA": {
    "1": {
      "value": "hsla(0, 0%, 0%, 0.012)",
      "type": "color"
    },
    "2": {
      "value": "hsla(0, 0%, 0%, 0.027)",
      "type": "color"
    },
    "3": {
      "value": "hsla(0, 0%, 0%, 0.047)",
      "type": "color"
    },
    "4": {
      "value": "hsla(0, 0%, 0%, 0.071)",
      "type": "color"
    },
    "5": {
      "value": "hsla(0, 0%, 0%, 0.090)",
      "type": "color"
    },
    "6": {
      "value": "hsla(0, 0%, 0%, 0.114)",
      "type": "color"
    },
    "7": {
      "value": "hsla(0, 0%, 0%, 0.141)",
      "type": "color"
    },
    "8": {
      "value": "hsla(0, 0%, 0%, 0.220)",
      "type": "color"
    },
    "9": {
      "value": "hsla(0, 0%, 0%, 0.439)",
      "type": "color"
    },
    "10": {
      "value": "hsla(0, 0%, 0%, 0.478)",
      "type": "color"
    },
    "11": {
      "value": "hsla(0, 0%, 0%, 0.565)",
      "type": "color"
    },
    "12": {
      "value": "hsla(0, 0%, 0%, 0.910)",
      "type": "color"
    }
  },
  "inverseA": {
    "1": {
      "type": "color",
      "value": "{blackA.1}"
    },
    "2": {
      "type": "color",
      "value": "{blackA.2}"
    },
    "3": {
      "type": "color",
      "value": "{blackA.3}"
    },
    "4": {
      "type": "color",
      "value": "{blackA.4}"
    },
    "5": {
      "type": "color",
      "value": "{blackA.5}"
    },
    "6": {
      "type": "color",
      "value": "{blackA.6}"
    },
    "7": {
      "type": "color",
      "value": "{blackA.7}"
    },
    "8": {
      "type": "color",
      "value": "{blackA.8}"
    },
    "9": {
      "type": "color",
      "value": "{blackA.9}"
    },
    "10": {
      "type": "color",
      "value": "{blackA.10}"
    },
    "11": {
      "type": "color",
      "value": "{blackA.11}"
    },
    "12": {
      "type": "color",
      "value": "{blackA.12}"
    }
  }
}